<?xml version="1.0" encoding="UTF-8" ?>
<!DOCTYPE mapper PUBLIC "-//mybatis.org//DTD Mapper 3.0//EN" "http://mybatis.org/dtd/mybatis-3-mapper.dtd" >
<mapper namespace="com.example.plan.dao.EmployeeDao">

    <resultMap id="PlanMap" type="com.example.plan.model.PlanModel">
        <id column="id" property="id"/>
        <result column="plan" property="plan"/>
        <result column="time" property="time"/>
        <result column="score" property="score"/>
        <result column="type" property="type"/>
        <result column="employee_id" property="employee_id"/>
        <result column="typeName" property="typeName"/>
    </resultMap>
    <select id="findPlanByEmployeeId" resultType="com.example.plan.entity.WorkPlan">
        select * from workplan
        <where>
            employee_id=#{employeeId}
            <if test="time!='' ">
                AND YEAR(DATE_FORMAT(#{time},'%Y-%m-%d'))=YEAR(time)
                AND MONTH(DATE_FORMAT(#{time},'%Y-%m-%d'))=MONTH(time)
            </if>
            <if test="type!= '0'.toString and type!= '' ">
                AND type = #{type}
            </if>
        </where>
    </select>

    <select id="findPlanScoreByTime" resultType="java.lang.Float">
        select avg(score) from workplan
        where
        employee_id=#{employeeId}
            <if test="time!='' ">
                AND YEAR(DATE_FORMAT(#{time},'%Y-%m-%d'))=YEAR(time)
                AND MONTH(DATE_FORMAT(#{time},'%Y-%m-%d'))=MONTH(time)
            </if>
            <if test="type!= '0'.toString and type!= '' ">
                AND type = #{type}
            </if>
    </select>

    <select id="findWorkPlanByPlanId" resultType="com.example.plan.entity.WorkPlan">
        select * from workplan
        <where>
            id=#{planId}
        </where>
    </select>

    <select id="findWorkSummaryBySummaryId" resultType="com.example.plan.entity.WorkSummary">
        select * from worksummary
        <where>
            id=#{summaryId}
        </where>
    </select>

    <select id="findSummaryByEmployeeId" resultType="com.example.plan.entity.WorkSummary">
    select * from worksummary
    <where>
        employee_id=#{employeeId}
        <if test="time!='' ">
            AND YEAR(DATE_FORMAT(#{time},'%Y-%m-%d'))=YEAR(time)
            AND MONTH(DATE_FORMAT(#{time},'%Y-%m-%d'))=MONTH(time)
        </if>
    </where>
</select>

    <select id="findEvaluateByEmployeeId" resultType="com.example.plan.entity.Evaluate">
        select * from evaluate
        where id in (select evaluateId from worksummary_evaluate join worksummary
                on worksummary_evaluate.workSummaryId=worksummary.Id where employee_id=#{employeeId} )
            <if test="time!='' ">
                AND YEAR(DATE_FORMAT(#{time},'%Y-%m-%d'))=YEAR(time)
                AND MONTH(DATE_FORMAT(#{time},'%Y-%m-%d'))=MONTH(time)
            </if>
    </select>

    <delete id="deleteOnePlanByWorkPlanId">
        delete from workplan
        where id=#{workPlanId}
    </delete>

    <delete id="deleteOneSummaryByWorkSummaryId">
        delete from worksummary
        where id=#{workSummaryId}
    </delete>

    <insert id="insertOneWorkPlan" parameterType="com.example.plan.entity.WorkPlan" useGeneratedKeys="true" keyProperty="id">
        insert into workplan
        (plan,type,employee_id,score,time)
        value
        (#{plan},
         #{type},
         #{employee_id},
         #{score},
         #{time})
    </insert>

    <insert id="updateOnePlan" parameterType="com.example.plan.entity.WorkPlan">
        update  workplan
        set id=#{id},
            plan=#{plan},
            type=#{type},
            employee_id=#{employee_id},
            score=#{score},
            time=#{time}
        where id=#{id}
    </insert>

    <insert id="updateOneSummary" parameterType="com.example.plan.entity.WorkSummary">
        update  worksummary
        set id=#{id},
            summary=#{summary},
            employee_id=#{employee_id},
            time=#{time}
        where id=#{id}
    </insert>

    <insert id="insertOneWorkSummary" parameterType="com.example.plan.entity.WorkSummary" useGeneratedKeys="true" keyProperty="id">
        insert into worksummary
            (summary,employee_id,time)
            value
            (#{summary},
             #{employee_id},
             #{time})
    </insert>

    <select id="selectPlanListByPage" resultMap="PlanMap">
        SELECT id,plan,employee_id,score,time,workplan.type type,type_dictionary.type typeName
        FROM workplan join type_dictionary on workplan.type=type_dictionary.type_id
        <where>
            employee_id=#{employeeId}
            <if test="time!='0-0-0' ">
                AND YEAR(DATE_FORMAT(#{time},'%Y-%m-%d'))=YEAR(time)
                AND MONTH(DATE_FORMAT(#{time},'%Y-%m-%d'))=MONTH(time)
            </if>
            <if test="type!= '0'.toString and type!= '' ">
                AND type = #{type}
            </if>
        </where>
        LIMIT #{start},#{end}
    </select>

    <select id="selectSummaryListByPage" resultType="com.example.plan.entity.WorkSummary">
        SELECT *
        FROM worksummary
        <where>
            employee_id=#{employeeId}
            <if test="time!='0-0-0' ">
                AND YEAR(DATE_FORMAT(#{time},'%Y-%m-%d'))=YEAR(time)
                AND MONTH(DATE_FORMAT(#{time},'%Y-%m-%d'))=MONTH(time)
            </if>
        </where>
        LIMIT #{start},#{end}
    </select>

    <select id="countSunPlan" resultType="java.lang.Integer">
        SELECT COUNT(*)
        FROM workplan
        WHERE employee_id=#{userId}
    </select>

    <select id="countSunSummary" resultType="java.lang.Integer">
        SELECT COUNT(*)
        FROM worksummary
        WHERE employee_id=#{userId}
    </select>

</mapper>