<?xml version="1.0" encoding="UTF-8" ?>
<!DOCTYPE mapper PUBLIC "-//mybatis.org//DTD Mapper 3.0//EN" "http://mybatis.org/dtd/mybatis-3-mapper.dtd" >
<mapper namespace="com.example.plan.dao.ManagerDao">

    <resultMap id="EmployeeScoreModelMap" type="com.example.plan.model.EmployeeScoreModel">
        <id column="id" property="employeeId"/>
        <result column="name" property="employeeName"/>
        <result column="time" property="time"/>
        <association column="employeeId=id,time=time" property="planScore" select="com.example.plan.dao.ManagerDao.getPlanScore"/>
        <collection column="employeeId=id,time=time" property="summaryScore" select="com.example.plan.dao.ManagerDao.getSummaryScore"/>
        <collection column="employeeId=id,time=time" property="list" select="com.example.plan.dao.ManagerDao.getEvaluateModel"/>
    </resultMap>

    <update id="updateOnePlanByScore" >
            update workplan
            set score = #{score}
            where id=#{planId}
    </update>

    <insert id="insertOneEvaluate" parameterType="com.example.plan.entity.Evaluate" useGeneratedKeys="true" keyProperty="id">
        <selectKey resultType="Long" keyProperty="id" order="AFTER">
            select last_insert_id()
        </selectKey>
        insert into evaluate
            (comment,boss_id,time)
            value
            (#{comment},
             #{boss_id},
             #{time})
    </insert>

    <insert id="insertOneEvaluateIdAndSummaryId">
        insert into worksummary_evaluate
            (workSummaryId,evaluateId,score)
            value
            (#{summaryId},
             #{evaluateId},
             #{score})
    </insert>

    <select id="getSummaryIdListByTime" resultType="java.lang.Integer">
        select id from worksummary
        where employee_id=#{employeeId}
          AND MONTH(DATE_FORMAT(#{time},'%Y-%m-%d'))=MONTH(time)
    </select>

    <delete id="deleteOneEvaluateByEvaluateId">
        delete from evaluate
        where id=#{evaluateId}
    </delete>

    <select id="getPlanScore" resultType="java.lang.Float">
        select avg(score) planScore from workplan where employee_id=#{employeeId}
                                     AND MONTH(DATE_FORMAT(#{time},'%Y-%m-%d'))=MONTH(time)
    </select>

    <select id="getSummaryScore" resultType="com.example.plan.model.SummaryScoreModel">
        select summary,avg(score) avg_score from worksummary_evaluate join worksummary
        on worksummary_evaluate.worksummaryId=worksummary.id where worksummary.id in
        (
            select id from worksummary
            where employee_id=#{employeeId}
            AND MONTH(DATE_FORMAT(#{time},'%Y-%m-%d'))=MONTH(time)
        )
         group by workSummaryId having avg(score)
    </select>

    <select id="getEvaluateModel" resultType="com.example.plan.model.EvaluateModel">
        select * from evaluate_model where id in
       (
           select distinct(evaluateId) from worksummary join worksummary_evaluate
           on worksummary.id=worksummary_evaluate.workSummaryId
           where employee_id=#{employeeId}
           AND MONTH(DATE_FORMAT(#{time},'%Y-%m-%d'))=MONTH(time)
       )
    </select>

    <select id="getEmployeeScoreModel" resultMap="EmployeeScoreModelMap">
        select id,name,#{time} as time from user where id=#{employeeId}
    </select>

</mapper>