<?xml version="1.0" encoding="UTF-8" ?>
<!DOCTYPE mapper PUBLIC "-//mybatis.org//DTD Mapper 3.0//EN" "http://mybatis.org/dtd/mybatis-3-mapper.dtd" >
<mapper namespace="com.example.plan.dao.UserDao">

    <resultMap id="EmployeeMap" type="com.example.plan.model.UserModelForManager">
    <id column="id" property="userId"/>
    <result column="name" property="userName"/>
    <collection property="roles" column="id" select="com.example.plan.dao.UserDao.getRoleByUser"/>
    </resultMap>


    <select id="selectOneByName" resultType="com.example.plan.entity.User">
        select * from user
        where name = #{name}
    </select>


    <select id="selectOneByUserId" resultType="com.example.plan.entity.User">
        select * from user
        where id = #{id}
    </select>

    <insert id="insertOne" parameterType="com.example.plan.entity.User" useGeneratedKeys="true" keyProperty="id">
        insert into user
        (name,password)
        value
        (#{name},
         #{password})
    </insert>


    <update id="updateOneToken" parameterType="com.example.plan.entity.Token">
        update token
        set token = #{token}
        where userId=#{userId}
    </update>

    <select id="findTokenByUserId" resultType="com.example.plan.entity.Token">
        select * from token
        where userId=#{userId}
    </select>

    <select id="findTokenByToken" parameterType="java.lang.String" resultType="com.example.plan.entity.Token">
        select * from token
        where token=#{token}
    </select>

    <insert id="addOneToken" parameterType="com.example.plan.entity.Token" useGeneratedKeys="true" keyProperty="id">
        insert into token
        (token,expireTime,userId,updateTime)
         value
         (#{token},
         #{expireTime},
          #{userId},
          #{updateTime})
    </insert>

    <insert id="insertOneRoleWithUser">
        insert into user_role
        (userId,roleId)
         value
         (#{userId},
          #{roleId})
    </insert>

    <delete id="deleteOneRoleWithUser">
        delete from user_role
        where userId=#{userId} and roleId=#{roleId}
    </delete>

    <select id="getOneRoleWithUser" resultType="java.lang.Integer">
        select roleId from user_role
        where userId=#{userId} and roleId=#{roleId}
    </select>

    <delete id="deleteOneTokenByToken">
        delete from token
        where token=#{token}
    </delete>

    <select id="findEmployeeByManager" resultMap="EmployeeMap">
        select id,name from user
    </select>

    <select id="getRoleByUser" resultType="com.example.plan.entity.Role">
        select * from role_dictionary
        where roleId in (select roleId from user_role where userId=#{userId})
    </select>

    <select id="countSunEmployee" resultType="java.lang.Integer">
        select COUNT(*) from user join user_role on user.id=user_role.userId
        where roleId=0
    </select>


</mapper>